"Plant species","USDA Native Status","Origin","n_Surveys","n_Branches","n_Sites","Pct with caterpillars","95%CI Lower limit","95%CI Upper limit"
"Hamamelis virginiana","L48(N)CAN(N)","native",738,100,39,19.38,16.53,22.23
"Populus grandidentata","L48(N)CAN(N)","native",48,24,6,18.75,7.71,29.79
"Alnus incana","L48(N)AK(N)CAN(N)SPM(N)","native",91,7,2,17.58,9.76,25.4
"Quercus palustris","L48(N)CAN(N)","native",555,11,5,17.3,14.15,20.44
"Carya ovata","L48(N)CAN(N)","native",329,41,11,16.41,12.41,20.42
"Quercus macrocarpa","L48(N)CAN(N)","native",62,9,7,16.13,6.97,25.28
"Aesculus flava","L48(N)","native",120,19,8,15.83,9.3,22.36
"Platanus occidentalis","L48(N)CAN(N)","native",406,19,14,15.76,12.22,19.31
"Acer negundo","L48(N)CAN(N)","native",2415,97,34,15.03,13.61,16.46
"Magnolia fraseri","L48(N)","native",49,10,7,14.29,4.49,24.08
"Quercus alba","L48(N)CAN(N)","native",1412,140,47,13.67,11.88,15.46
"Acer floridanum","L48(N)","native",113,19,7,13.27,7.02,19.53
"Quercus rubra","L48(N)CAN(N)","native",1221,115,45,12.86,10.98,14.74
"Tilia americana","L48(N)CAN(NI)","native",479,58,26,12.53,9.56,15.49
"Ostrya virginiana","L48(N)CAN(N)","native",809,83,16,12.48,10.21,14.76
"Quercus velutina","L48(N)CAN(N)","native",390,18,11,12.05,8.82,15.28
"Corylus cornuta","L48(N)CAN(N)SPM(N)","native",140,18,3,11.43,6.16,16.7
"Halesia carolina","L48(N)","native",369,24,12,11.38,8.14,14.62
"Liquidambar styraciflua","L48(N)","native",4635,111,31,11.24,10.33,12.15
"Quercus michauxii","L48(N)","native",74,11,3,10.81,3.74,17.89
"Diospyros virginiana","L48(N)","native",2115,20,8,10.69,9.37,12
"Betula nigra","L48(N)","native",198,24,13,10.61,6.32,14.9
"Viburnum prunifolium","L48(N)","native",133,17,12,9.77,4.73,14.82
"Fraxinus nigra","L48(N)CAN(N)","native",123,9,4,9.76,4.51,15
"Kalmia latifolia","L48(N)","native",404,97,21,9.65,6.77,12.53
"Cornus sericea","L48(N)AK(N)CAN(N)SPM(N)","native",214,17,11,9.35,5.45,13.25
"Liriodendron tulipifera","L48(N)CAN(N)","native",503,37,23,9.15,6.63,11.66
"Prunus serotina","L48(N)CAN(N)","native",1903,190,56,9.04,7.75,10.33
"Rhus typhina","L48(N)CAN(N)","native",58,10,5,8.62,1.4,15.84
"Quercus montana","L48(N)","native",152,13,9,8.55,4.11,13
"Fraxinus americana","L48(N)HI(I)CAN(N)","native",962,104,23,8.52,6.76,10.29
"Carya cordiformis","L48(N)CAN(N)","native",697,44,14,8.46,6.4,10.53
"Betula populifolia","L48(N)CAN(N)","native",60,7,4,8.33,1.34,15.33
"Acer pensylvanicum","L48(N)CAN(N)","native",283,71,24,8.13,4.94,11.31
"Acer saccharinum","L48(N)CAN(N)","native",160,20,12,8.12,3.89,12.36
"Betula papyrifera","L48(N)AK(N)CAN(N)SPM(N)","native",682,23,10,8.06,6.02,10.11
"Fagus grandifolia","L48(N)CAN(N)","native",6092,351,62,8.04,7.36,8.73
"Quercus ilicifolia","L48(N)CAN(N)","native",137,13,2,8.03,3.48,12.58
"Acer rubrum","L48(N)CAN(N)","native",3743,327,105,8.01,7.15,8.88
"Betula lenta","L48(N)CAN(N)","native",152,31,10,7.89,3.61,12.18
"Acer nigrum","L48(N)CAN(N)","native",65,10,5,7.69,1.21,14.17
"Juglans nigra","L48(N)CAN(N)","native",306,21,16,7.52,4.56,10.47
"Castanea dentata","L48(N)CAN(N)","native",120,22,7,7.5,2.79,12.21
"Oxydendrum arboreum","L48(N)","native",721,28,14,7.49,5.57,9.41
"Amelanchier arborea","L48(N)CAN(N)","native",98,16,9,7.14,2.04,12.24
"Asimina triloba","L48(N)CAN(N)","native",499,30,17,7.01,4.77,9.25
"Fraxinus pennsylvanica","L48(N)CAN(N)","native",231,26,11,6.93,3.65,10.2
"Aesculus pavia","L48(N)CAN(I)","native",146,9,3,6.85,2.75,10.95
"Populus tremuloides","L48(N)AK(N)CAN(N)SPM(N)","native",103,8,4,6.8,1.94,11.66
"Viburnum acerifolium","L48(N)CAN(N)","native",118,13,10,6.78,2.24,11.32
"Betula alleghaniensis","L48(N)CAN(N)SPM(N)","native",224,28,12,6.7,3.42,9.97
"Quercus coccinea","L48(N)","native",165,10,3,6.67,2.86,10.47
"Vaccinium corymbosum","L48(N)CAN(N)","native",244,27,12,6.56,3.45,9.66
"Carya glabra","L48(N)CAN(N)","native",307,36,15,6.51,3.75,9.28
"Rhododendron maximum","L48(N)CAN(N)","native",742,198,17,6.47,4.7,8.24
"Ulmus pumila","L48(I)CAN(I)","alien",62,8,3,6.45,0.34,12.57
"Pyrularia pubera","L48(N)","native",78,16,5,6.41,0.97,11.85
"Quercus bicolor","L48(N)CAN(N)","native",413,38,17,6.05,3.75,8.35
"Quercus nigra","L48(N)","native",52,11,5,5.77,-0.57,12.11
"Ulmus americana","L48(N)CAN(N)","native",349,31,17,5.73,3.29,8.17
"Malus coronaria","L48(N)CAN(N)","native",142,12,5,5.63,1.84,9.43
"Carpinus caroliniana","L48(N)CAN(N)","native",1896,158,42,5.49,4.46,6.51
"Zanthoxylum","L48(I,N)CAN(N)","native",130,15,4,5.38,1.5,9.26
"Lindera benzoin","L48(N)CAN(N)","native",877,83,27,5.25,3.77,6.72
"Nyssa sylvatica","L48(N)CAN(N)","native",1140,71,28,5,3.73,6.27
"Acer saccharum","L48(N)CAN(N)","native",5661,324,59,5,4.43,5.57
"Juniperus virginiana","L48(N)CAN(N)","native",64,7,4,4.69,-0.49,9.87
"Morella cerifera","L48(N)HI(I)PR(N)","native",111,23,6,4.5,0.65,8.36
"Ilex opaca","L48(N)","native",641,46,25,4.37,2.79,5.95
"Cornus florida","L48(N)CAN(N)","native",719,41,24,4.31,2.83,5.8
"Ulmus rubra","L48(N)CAN(N)","native",292,23,14,4.11,1.83,6.39
"Ulmus alata","L48(N)","native",324,13,6,4.01,1.88,6.15
"Sorbus americana","L48(N)CAN(N)SPM(N)","native",127,7,3,3.94,0.55,7.32
"Euonymus alatus","L48(I)CAN(I)","alien",52,8,7,3.85,-1.38,9.07
"Corylus americana","L48(N)CAN(N)","native",428,11,4,3.74,1.94,5.54
"Tilia cordata","L48(I)CAN(I)","alien",83,7,4,3.61,-0.4,7.63
"Robinia pseudoacacia","L48(N)CAN(I)","native",56,13,6,3.57,-1.29,8.43
"Cercis canadensis","L48(N)CAN(N)","native",730,59,37,3.42,2.11,4.74
"Pyrus calleryana","L48(I)","alien",60,6,3,3.33,-1.21,7.88
"Viburnum nudum","L48(N)CAN(N)SPM(N)","native",337,11,4,3.26,1.37,5.16
"Elaeagnus umbellata","L48(I)HI(I)CAN(I)","alien",98,16,9,3.06,-0.35,6.47
"Rhamnus cathartica","L48(I)CAN(I)","alien",104,18,10,2.88,-0.33,6.1
"Morus alba","L48(I)HI(I)CAN(I)","alien",566,12,6,2.83,1.46,4.19
"Quercus phellos","L48(N)","native",108,26,14,2.78,-0.32,5.88
"Quercus falcata","L48(N)","native",224,13,6,2.68,0.56,4.79
"Aesculus hippocastanum","L48(I)CAN(I)","alien",77,6,3,2.6,-0.96,6.15
"Lonicera maackii","L48(I)CAN(I)","alien",138,21,8,2.17,-0.26,4.61
"Crataegus phaenopyrum","L48(N)CAN(I)","native",54,5,2,1.85,-1.74,5.45
"Prunus caroliniana","L48(N)","native",54,11,3,1.85,-1.74,5.45
"Ligustrum japonicum","L48(I)PR(I)","alien",120,9,5,1.67,-0.62,3.96
"Acer platanoides","L48(I)CAN(I)","alien",346,56,18,1.45,0.19,2.7
"Ilex verticillata","L48(N)CAN(N)SPM(N)","native",86,6,6,1.16,-1.1,3.43
"Viburnum dentatum","L48(N)","native",104,14,7,0.96,-0.91,2.84
"Quercus virginiana","L48(N)","native",118,10,4,0.85,-0.81,2.5
"Acer palmatum","L48(I)CAN(I)","alien",117,15,10,0,0,0
"Aesculus parviflora","L48(N)","native",72,5,3,0,0,0
"Carya tomentosa","L48(N)","native",71,10,5,0,0,0
"Cornus kousa","L48(I)","alien",47,6,2,0,0,0
"Lagerstroemia indica","L48(I)PR(I)","alien",46,6,5,0,0,0
"Malus angustifolia","L48(N)","native",53,11,3,0,0,0
